player_id,player_id_For_ESPN,player_name_AV_DATA,player_name_ESPN_DATA,DOB,ODI_Bat_NotOut,ODI_Highest_Bat_Inning_Score,ODI_Bat_Avg,ODI_Bat_SR,ODI_Hundred_Scored,ODI_Fifty_Scored,ODI_Boundary_Four,ODI_Boundary_Six,ODI_Bowl_Avg,ODI_Economy_Rate,ODI_Bowl_SR,ODI_4Wt_in_Inn,ODI_5Wt_in_Inn,ODI_Inn_Bat_Field,Data_Extracted_on,Source
1,1,Rohit Sharma,RG Sharma,30-04-1987,36,264,48.85,110.21,30,52,928,292,64.37,5.21,74.1,0,0,243,29-09-2023,www.espncricinfo.com
2,2,Hardik Pandya,HH Pandya,11-10-1993,8,92,33.8,63.36,0,11,132,66,36.03,5.51,39.2,1,0,60,29-09-2023,www.espncricinfo.com
3,3,Shubman Gill,Shubman Gill,08-09-1999,6,208,66.1,102.84,6,9,213,40,0,0,0,0,0,35,29-09-2023,www.espncricinfo.com
4,4,Virat Kohli,V Kohli,05-11-1988,41,183,57.38,105.7,47,66,1226,142,166.25,6.22,160.2,0,0,269,29-09-2023,www.espncricinfo.com
5,5,Shreyas Iyer,SS Iyer,06-12-1994,3,113,46.17,105.7,3,14,176,37,0,6.32,0,0,0,42,29-09-2023,www.espncricinfo.com
6,6,KL Rahul,KL Rahul,18-04-1992,10,112,47.72,63.36,6,15,177,52,0,0,0,0,0,58,29-09-2023,www.espncricinfo.com
7,7,Ravindra Jadeja,RA Jadeja,06-12-1988,45,87,32.14,110.21,0,13,192,51,36.95,4.92,45,7,1,127,29-09-2023,www.espncricinfo.com
8,8,Shardul Thakur,SN Thakur,16-10-1991,6,50,17.31,105.11,0,1,31,9,30.34,6.24,29.1,3,0,25,29-09-2023,www.espncricinfo.com
9,9,Jasprit Bumrah,JJ Bumrah,06-12-1993,13,16,7.3,63.36,0,0,9,1,24.31,4.67,31.2,5,2,23,29-09-2023,www.espncricinfo.com
10,10,Mohammed Siraj,Mohammed Siraj,13-03-1994,7,9,6.16,110.21,0,0,2,0,20.01,4.87,24.6,2,1,13,29-09-2023,www.espncricinfo.com
11,11,Kuldeep Yadav,Kuldeep Yadav,14-12-1994,17,19,10,63.36,0,0,13,0,25.62,5.13,29.9,7,2,34,29-09-2023,www.espncricinfo.com
12,12,Mohammed Shami,Mohammed Shami,03-09-1990,19,25,8.4,110.21,0,0,16,9,25.5,5.57,27.4,9,2,44,29-09-2023,www.espncricinfo.com
13,13,Ravichandran ashwin,R Ashwin,17-09-1986,20,65,16.44,110.21,0,1,60,7,33.2,4.94,40.2,1,0,63,29-09-2023,www.espncricinfo.com
14,14,Ishan Kishan,Ishan Kishan,18-07-1998,2,210,44.3,63.36,1,7,90,31,0,0,0,0,0,22,29-09-2023,www.espncricinfo.com
15,15,Suryakumar Yadav,SA Yadav,14-09-1990,4,72,27.79,110.21,0,4,68,18,0,0,0,0,0,28,29-09-2023,www.espncricinfo.com
16,16,Babar Azam,Babar Azam,15-10-1994,12,158,57.59,88.94,19,28,488,56,0,0,0,0,0,106,07-10-2023,https://www.espncricinfo.com/cricketers/babar-azam-348144
17,17,Shadab Khan,Shadab Khan,04-10-1998,11,86,26.41,84.08,0,4,46,16,32.95,5.17,38.1,5,0,40,07-10-2023,https://www.espncricinfo.com/cricketers/shadab-khan-922943
18,18,Abdullah Shafique,Abdullah Shafique,20-11-1999,0,52,20,72.07,0,1,3,3,0,0,0,0,0,4,07-10-2023,https://www.espncricinfo.com/cricketers/abdullah-shafique-922941
19,19,Faqar Zaman,Fakhar Zaman,10-04-1990,5,210,44.98,91.91,10,15,380,56,111,4.93,135,0,0,78,07-10-2023,https://www.espncricinfo.com/cricketers/fakhar-zaman-512191
20,20,Haris Rauf,Haris Rauf,07-11-1993,5,16,5.16,52.54,0,0,3,1,23.78,5.64,25.2,4,1,11,07-10-2023,https://www.espncricinfo.com/cricketers/haris-rauf-1161606
21,21,Hasan Ali,Hasan Ali,02-07-1994,11,59,14.52,121,0,2,24,24,30.06,5.73,31.4,1,4,36,07-10-2023,https://www.espncricinfo.com/cricketers/hasan-ali-681305
22,22,Iftikhar Ahmed,Iftikhar Ahmed,03-09-1990,6,109,43.72,103.66,1,1,42,12,38.15,5.65,40.4,0,1,17,07-10-2023,https://www.espncricinfo.com/cricketers/iftikhar-ahmed-480603
23,23,Imam-Ul-Haq,Imam-ul-Haq,22-12-1995,6,151,49.85,82.17,9,19,232,30,0,0,0,0,0,66,07-10-2023,https://www.espncricinfo.com/cricketers/imam-ul-haq-568276
24,24,Mohammad Nawaz,Mohammad Nawaz,21-03-1994,6,53,19.15,90.09,0,1,26,8,32.07,4.96,38.7,3,0,25,07-10-2023,https://www.espncricinfo.com/cricketers/mohammad-nawaz-348148
25,25,Mohammad Rizwan,Mohammad Rizwan,01-06-1992,13,115,37.46,88.67,2,13,150,16,0,0,0,0,0,60,07-10-2023,https://www.espncricinfo.com/cricketers/mohammad-rizwan-323389
26,26,Mohammad Wasim Jr.,Mohammad Wasim,25-08-2001,1,17,9.5,96.61,0,0,3,3,26.7,5.24,30.5,1,0,7,07-10-2023,https://www.espncricinfo.com/cricketers/mohammad-wasim-1185538
27,27,Salman Agha,Agha Salman,23-11-1993,5,58,39.63,96.46,0,3,38,8,88.25,5.51,96,0,0,16,07-10-2023,https://www.espncricinfo.com/cricketers/agha-salman-623977
28,28,Saud Shakeel,Saud Shakeel,05-09-1995,1,68,28.8,90.56,0,2,16,1,37,4.72,47,0,0,6,07-10-2023,https://www.espncricinfo.com/cricketers/saud-shakeel-652687
29,29,Shaheen Shah Afridi,Shaheen Shah Afridi,06-04-2000,15,23,17.11,80.62,0,0,12,6,23.51,5.45,25.8,6,2,24,07-10-2023,https://www.espncricinfo.com/cricketers/shaheen-shah-afridi-1072470
30,30,Usama Mir,Usama Mir,23-12-1995,0,20,8,129.03,0,0,2,3,35.09,5.43,38.7,1,0,5,07-10-2023,https://www.espncricinfo.com/cricketers/usama-mir-647667
